timestamp_utc,technique_id,test_number,host,label,notes
2026-08-20T12:10:36+03:00,T1003.008,1,tiberiu-VirtualBox,TP,access /etc/shadow
2026-08-20T12:10:44+03:00,T1053.003,1,tiberiu-VirtualBox,TP,cron replace crontab
2026-08-20T12:12:09+03:00,T1059.004,1,tiberiu-VirtualBox,TP,bash script + ping
2026-08-20T12:14:00+03:00,T1070.003,1,tiberiu-VirtualBox,TP,clear bash history
2026-08-20T12:15:00+03:00,T1548.001,1,tiberiu-VirtualBox,TP,setuid binary
2026-08-20T12:17:32+03:00,T1543.002,1,tiberiu-VirtualBox,TP,systemd service
2026-08-20T12:27:11+03:00,T1136.001,1,tiberiu-VirtualBox,TP,useradd evil_user
2026-08-20T12:33:17+03:00,NOISE,,tiberiu-VirtualBox,FP,noise script start
2026-08-20T13:52:00+03:00,NOISE,,tiberiu-VirtualBox,FP,noise script stop
